time,temperature_c,co2_ppm
2000-01-01,-0.98,369.45
2000-02-01,1.9,369.71
2000-03-01,7.8,370.75
2000-04-01,10.11,371.98
2000-05-01,16.77,371.75
2000-06-01,21.39,371.87
2000-07-01,21.87,370.02
2000-08-01,22.03,368.27
2000-09-01,18.47,367.15
2000-10-01,12.9,367.18
2000-11-01,6.46,368.53
2000-12-01,-1.35,369.83
2001-01-01,-0.76,370.76
2001-02-01,1.7,371.69
2001-03-01,3.65,372.63
2001-04-01,11.18,373.55
2001-05-01,16.71,374.03
2001-06-01,22.01,373.4
2001-07-01,22.11,371.68
2001-08-01,24.57,369.78
2001-09-01,18.64,368.34
2001-10-01,13.41,368.61
2001-11-01,9.88,369.94
2001-12-01,5.41,371.42
2002-01-01,3.09,372.7
2002-02-01,3.88,373.37
2002-03-01,6.28,374.3
2002-04-01,12.42,375.19
2002-05-01,15.2,375.93
2002-06-01,21.46,375.69
2002-07-01,25.02,374.16
2002-08-01,24.56,372.03
2002-09-01,20.21,370.92
2002-10-01,12.16,370.73
2002-11-01,6.41,372.43
2002-12-01,0.83,373.98
2003-01-01,-3.12,375.07
2003-02-01,-1.98,375.82
2003-03-01,5.24,376.64
2003-04-01,9.34,377.92
2003-05-01,14.22,378.78
2003-06-01,19.86,378.46
2003-07-01,23.95,376.88
2003-08-01,24.23,374.57
2003-09-01,19.56,373.34
2003-10-01,11.74,373.31
2003-11-01,9.22,374.84
2003-12-01,2.13,376.17
2004-01-01,-4.21,377.17
2004-02-01,0.7,378.05
2004-03-01,6.12,379.06
2004-04-01,11.17,380.54
2004-05-01,18.6,380.8
2004-06-01,20.72,379.87
2004-07-01,22.97,377.65
2004-08-01,22.6801,376.17
2004-09-01,19.96,374.43
2004-10-01,12.22,374.63
2004-11-01,8.11,376.33
2004-12-01,2.09,377.68
2005-01-01,-1.21,378.63
2005-02-01,1.4,379.91
2005-03-01,2.87,380.95
2005-04-01,11.55,382.48
2005-05-01,13.99,382.64
2005-06-01,22.82,382.4
2005-07-01,24.77,380.93
2005-08-01,25.15,378.93
2005-09-01,21.58,376.89
2005-10-01,13.64,377.19
2005-11-01,8.68,378.54
2005-12-01,0.51,380.31
2006-01-01,3.82,381.58
2006-02-01,1.48,382.4
2006-03-01,5.63,382.86
2006-04-01,12.01,384.8
2006-05-01,16.43,385.22
2006-06-01,21.42,384.24
2006-07-01,25.18,382.65
2006-08-01,23.68,380.6
2006-09-01,18.21,379.04
2006-10-01,12.24,379.33
2006-11-01,9.93,380.35
2006-12-01,5.68,382.02
2007-01-01,2.49,383.1
2007-02-01,-2.63,384.12
2007-03-01,4.93,384.81
2007-04-01,9.31,386.73
2007-05-01,17.43,386.78
2007-06-01,21.79,386.33
2007-07-01,23.41,384.73
2007-08-01,23.39,382.24
2007-09-01,20.36,381.2
2007-10-01,16.84,381.37
2007-11-01,6.6,382.7
2007-12-01,2.15,384.19
2008-01-01,1.51,385.78
2008-02-01,1.59,386.06
2008-03-01,5.36,386.28
2008-04-01,12.08,387.33
2008-05-01,14.55,388.78
2008-06-01,22.91,387.99
2008-07-01,24.83,386.61
2008-08-01,22.11,384.32
2008-09-01,19.98,383.41
2008-10-01,12.05,383.22
2008-11-01,6.77,384.41
2008-12-01,2.52,385.79
2009-01-01,-2.91,387.17
2009-02-01,1.86,387.7
2009-03-01,5.27,389.04
2009-04-01,11.73,389.76
2009-05-01,16.49,390.36
2009-06-01,20.08,389.7
2009-07-01,22.44,388.24
2009-08-01,24.03,386.29
2009-09-01,18.52,384.95
2009-10-01,12.03,384.64
2009-11-01,9.87,386.23
2009-12-01,1.6,387.63
2010-01-01,-0.25,388.91
2010-02-01,0.08,390.41
2010-03-01,8.28,391.37
2010-04-01,13.29,392.67
2010-05-01,17.99,393.21
2010-06-01,23.15,392.38
2010-07-01,26.03,390.41
2010-08-01,24.02,388.54
2010-09-01,20.8101,387.03
2010-10-01,13.49,387.43
2010-11-01,7.53,388.87
2010-12-01,-0.26,389.99
2011-01-01,-2.4167,391.5
2011-02-01,1.1874,392.05
2011-03-01,5.2082,392.8
2011-04-01,11.925,393.44
2011-05-01,17.6627,394.41
2011-06-01,22.0892,393.95
2011-07-01,25.8726,392.72
2011-08-01,23.4181,390.33
2011-09-01,20.6414,389.28
2011-10-01,13.3879,389.19
2011-11-01,9.5963,390.48
2011-12-01,4.9332,392.06
2012-01-01,1.9997,393.31
2012-02-01,4.1065,394.04
2012-03-01,10.2002,394.59
2012-04-01,11.6243,396.38
2012-05-01,18.5326,396.93
2012-06-01,21.245,395.91
2012-07-01,25.6805,394.56
2012-08-01,23.9939,392.59
2012-09-01,19.6262,391.32
2012-10-01,13.8776,391.27
2012-11-01,5.6612,393.2
2012-12-01,4.67,394.57
2013-01-01,1.1562,395.78
2013-02-01,0.6425,397.03
2013-03-01,4.0579,397.66
2013-04-01,10.9154,398.64
2013-05-01,16.2747,400.02
2013-06-01,21.8704,398.81
2013-07-01,25.7449,397.51
2013-08-01,22.3067,395.39
2013-09-01,18.4312,393.72
2013-10-01,14.2052,393.9
2013-11-01,6.2323,395.36
2013-12-01,2.0837,397.03
2014-01-01,-3.0977,398.04
2014-02-01,-1.5315,398.27
2014-03-01,1.6781,399.91
2014-04-01,10.2619,401.51
2014-05-01,16.7643,401.96
2014-06-01,21.5239,401.43
2014-07-01,23.5919,399.27
2014-08-01,21.9542,397.18
2014-09-01,19.6217,395.54
2014-10-01,14.2287,396.16
2014-11-01,5.8964,397.4
2014-12-01,3.9734,399.08
2015-01-01,-2.5447,400.18
2015-02-01,-5.8384,400.55
2015-03-01,2.0752,401.74
2015-04-01,10.6738,403.35
2015-05-01,19.0965,404.15
2015-06-01,21.2608,402.97
2015-07-01,24.2553,401.46
2015-08-01,23.9859,399.11
2015-09-01,22.0132,397.82
2015-10-01,12.8171,398.49
2015-11-01,10.2275,400.27
2015-12-01,8.8831,402.06
2016-01-01,0.9371,402.73
2016-02-01,2.5385,404.25
2016-03-01,8.6134,405.06
2016-04-01,10.3222,407.6
2016-05-01,16.0694,407.9
2016-06-01,21.5574,406.99
2016-07-01,25.4303,404.59
2016-08-01,25.3382,402.45
2016-09-01,21.4302,401.23
2016-10-01,14.1363,401.79
2016-11-01,8.7439,403.72
2016-12-01,2.8296,404.64
2017-01-01,2.8584,406.36
2017-02-01,4.9056,406.66
2017-03-01,3.6762,407.54
2017-04-01,13.5853,409.22
2017-05-01,15.6962,409.89
2017-06-01,21.7458,409.08
2017-07-01,24.4543,407.33
2017-08-01,22.4745,405.32
2017-09-01,20.5891,403.57
2017-10-01,16.2169,403.82
2017-11-01,7.1429,405.31
2017-12-01,0.7999,407.0
2018-01-01,-1.2952,408.15
2018-02-01,4.2333,408.52
2018-03-01,3.9648,409.59
2018-04-01,8.537,410.45
2018-05-01,18.7073,411.44
2018-06-01,21.2946,410.99
2018-07-01,24.9832,408.9
2018-08-01,25.2521,407.16
2018-09-01,21.3905,405.71
2018-10-01,13.5308,406.19
2018-11-01,5.7658,408.21
2018-12-01,3.4296,409.27
2019-01-01,-0.4742,411.03
2019-02-01,1.7137,411.96
2019-03-01,4.2698,412.18
2019-04-01,12.3599,413.54
2019-05-01,16.9492,414.86
2019-06-01,21.3271,414.15
2019-07-01,25.8595,411.96
2019-08-01,23.701,410.17
2019-09-01,20.384,408.76
2019-10-01,14.3504,408.74
2019-11-01,5.3199,410.47
2019-12-01,2.4776,411.97
2020-01-01,2.9456,413.59
2020-02-01,3.631,414.32
2020-03-01,7.9595,414.72
2020-04-01,9.2258,416.42
2020-05-01,15.2205,417.28
2020-06-01,22.126,416.58
2020-07-01,26.4506,414.58
2020-08-01,24.5348,412.75
2020-09-01,19.4995,411.5
2020-10-01,13.8794,411.49
2020-11-01,9.7392,413.1
2020-12-01,3.0358,414.23
2021-01-01,1.0408,415.49
2021-02-01,0.0327,416.72
2021-03-01,6.7057,417.61
2021-04-01,11.5537,419.01
2021-05-01,16.2943,419.09
2021-06-01,22.6742,418.93
2021-07-01,24.4729,416.9
2021-08-01,24.9828,414.42
2021-09-01,20.6618,413.26
2021-10-01,16.4321,413.9
2021-11-01,6.8982,414.97
2021-12-01,5.6729,416.67
2022-01-01,-2.0103,418.13
2022-02-01,1.675,419.24
2022-03-01,6.5539,418.76
2022-04-01,10.6744,420.19
2022-05-01,17.7253,420.97
2022-06-01,21.4775,420.94
2022-07-01,25.7322,418.85
2022-08-01,25.5288,417.15
2022-09-01,20.0399,415.91
2022-10-01,12.6476,415.74
2022-11-01,9.117,417.47
2022-12-01,2.4083,418.99
2023-01-01,5.2233,419.47
2023-02-01,4.009,420.31
2023-03-01,5.8289,420.99
2023-04-01,13.2243,423.31
2023-05-01,15.5364,424.0
2023-06-01,20.465,423.68
2023-07-01,25.482,421.83
2023-08-01,23.1296,419.68
2023-09-01,20.4104,418.51
2023-10-01,15.0603,418.82
2023-11-01,6.66,420.46
2023-12-01,5.7429,421.86
2024-01-01,1.7993,422.8
2024-02-01,4.0759,424.55
2024-03-01,7.9405,425.38
2024-04-01,11.7177,426.51
2024-05-01,18.112,426.9
2024-06-01,23.3656,426.91
2024-07-01,25.9359,425.55
2024-08-01,23.572,422.99
2024-09-01,19.9342,422.03
2024-10-01,14.473,422.38
2024-11-01,9.7142,423.85
2024-12-01,2.0386,425.4
