time,precipitation_mm,temperature_c,co2_ppm,mei
2000-01-01,3.4125,-0.98,369.45,-1.25
2000-02-01,2.9739,1.9,369.71,-1.26
2000-03-01,3.8096,7.8,370.75,-1.37
2000-04-01,3.9874,10.11,371.98,-0.9
2000-05-01,4.2215,16.77,371.75,-0.93
2000-06-01,5.7002,21.39,371.87,-1.18
2000-07-01,5.5036,21.87,370.02,-0.61
2000-08-01,3.8301,22.03,368.27,-0.08
2000-09-01,3.8858,18.47,367.15,-0.35
2000-10-01,1.1774,12.9,367.18,-0.52
2000-11-01,2.9385,6.46,368.53,-0.86
2000-12-01,4.6,-1.35,369.83,-0.79
2001-01-01,2.3063,-0.76,370.76,-0.83
2001-02-01,2.9971,1.7,371.69,-0.86
2001-03-01,6.0394,3.65,372.63,-0.78
2001-04-01,1.3654,11.18,373.55,-0.55
2001-05-01,2.9625,16.71,374.03,-0.51
2001-06-01,4.7751,22.01,373.4,-0.73
2001-07-01,2.2891,22.11,371.68,0.04
2001-08-01,2.7533,24.57,369.78,0.38
2001-09-01,3.7192,18.64,368.34,-0.06
2001-10-01,0.7538,13.41,368.61,-0.22
2001-11-01,1.1318,9.88,369.94,-0.28
2001-12-01,2.5813,5.41,371.42,0.06
2002-01-01,1.8913,3.09,372.7,0.09
2002-02-01,1.6318,3.88,373.37,-0.26
2002-03-01,3.6644,6.28,374.3,-0.2
2002-04-01,3.5609,12.42,375.19,-0.36
2002-05-01,4.413,15.2,375.93,-0.14
2002-06-01,4.3944,21.46,375.69,0.34
2002-07-01,1.7782,25.02,374.16,0.44
2002-08-01,3.5861,24.56,372.03,1.01
2002-09-01,4.009,20.21,370.92,0.88
2002-10-01,4.9238,12.16,370.73,0.84
2002-11-01,4.9194,6.41,372.43,0.84
2002-12-01,4.6881,0.83,373.98,0.91
2003-01-01,2.9582,-3.12,375.07,0.82
2003-02-01,4.474,-1.98,375.82,0.63
2003-03-01,3.713,5.24,376.64,0.53
2003-04-01,2.4969,9.34,377.92,-0.11
2003-05-01,3.8679,14.22,378.78,-0.61
2003-06-01,6.2593,19.86,378.46,-0.1
2003-07-01,2.9243,23.95,376.88,0.01
2003-08-01,5.1395,24.23,374.57,0.05
2003-09-01,7.534,19.56,373.34,0.18
2003-10-01,4.8162,11.74,373.31,0.28
2003-11-01,4.0533,9.22,374.84,0.3
2003-12-01,5.7911,2.13,376.17,0.14
2004-01-01,2.1709,-4.21,377.17,0.19
2004-02-01,2.3716,0.7,378.05,-0.05
2004-03-01,2.6851,6.12,379.06,-0.43
2004-04-01,4.631,11.17,380.54,-0.23
2004-05-01,3.5333,18.6,380.8,-0.46
2004-06-01,2.2262,20.72,379.87,-0.39
2004-07-01,5.4028,22.97,377.65,0.46
2004-08-01,5.3639,22.6801,376.17,0.77
2004-09-01,7.6489,19.96,374.43,0.59
2004-10-01,1.6335,12.22,374.63,0.4
2004-11-01,3.623,8.11,376.33,0.56
2004-12-01,4.0724,2.09,377.68,0.48
2005-01-01,5.1219,-1.21,378.63,0.09
2005-02-01,2.8083,1.4,379.91,0.61
2005-03-01,4.0647,2.87,380.95,0.83
2005-04-01,4.4445,11.55,382.48,0.14
2005-05-01,1.8017,13.99,382.64,0.19
2005-06-01,2.9215,22.82,382.4,0.2
2005-07-01,3.5426,24.77,380.93,-0.0
2005-08-01,2.2377,25.15,378.93,0.01
2005-09-01,1.5079,21.58,376.89,-0.02
2005-10-01,13.0451,13.64,377.19,-0.66
2005-11-01,4.3377,8.68,378.54,-0.7
2005-12-01,3.7455,0.51,380.31,-0.7
2006-01-01,6.0289,3.82,381.58,-0.64
2006-02-01,2.3795,1.48,382.4,-0.48
2006-03-01,0.8649,5.63,382.86,-0.62
2006-04-01,4.1781,12.01,384.8,-0.84
2006-05-01,4.418,16.43,385.22,-0.42
2006-06-01,7.856,21.42,384.24,-0.18
2006-07-01,3.1795,25.18,382.65,0.21
2006-08-01,4.5385,23.68,380.6,0.59
2006-09-01,3.9593,18.21,379.04,0.65
2006-10-01,5.3908,12.24,379.33,0.77
2006-11-01,4.9624,9.93,380.35,1.0
2006-12-01,2.244,5.68,382.02,0.64
2007-01-01,3.5742,2.49,383.1,0.64
2007-02-01,2.8324,-2.63,384.12,0.39
2007-03-01,4.3326,4.93,384.81,-0.19
2007-04-01,7.7244,9.31,386.73,-0.32
2007-05-01,1.5281,17.43,386.78,-0.41
2007-06-01,3.308,21.79,386.33,-0.83
2007-07-01,4.8285,23.41,384.73,-0.75
2007-08-01,3.4237,23.39,382.24,-0.9
2007-09-01,1.7383,20.36,381.2,-1.06
2007-10-01,4.6756,16.84,381.37,-1.13
2007-11-01,3.2831,6.6,382.7,-1.12
2007-12-01,5.38,2.15,384.19,-1.19
2008-01-01,2.1307,1.51,385.78,-1.06
2008-02-01,8.0005,1.59,386.06,-1.27
2008-03-01,5.4013,5.36,386.28,-1.52
2008-04-01,2.7656,12.08,387.33,-1.11
2008-05-01,2.6367,14.55,388.78,-0.99
2008-06-01,3.8059,22.91,387.99,-0.8
2008-07-01,4.8119,24.83,386.61,-0.78
2008-08-01,2.9651,22.11,384.32,-1.01
2008-09-01,6.0608,19.98,383.41,-1.02
2008-10-01,3.0725,12.05,383.22,-1.08
2008-11-01,2.876,6.77,384.41,-0.98
2008-12-01,6.6538,2.52,385.79,-1.01
2009-01-01,3.1408,-2.91,387.17,-1.01
2009-02-01,1.5458,1.86,387.7,-0.85
2009-03-01,2.1067,5.27,389.04,-0.95
2009-04-01,2.8811,11.73,389.76,-0.81
2009-05-01,3.9682,16.49,390.36,-0.72
2009-06-01,6.3563,20.08,389.7,-0.05
2009-07-01,6.1376,22.44,388.24,0.56
2009-08-01,4.7287,24.03,386.29,0.56
2009-09-01,1.9353,18.52,384.95,0.42
2009-10-01,4.335,12.03,384.64,0.56
2009-11-01,2.0849,9.87,386.23,1.04
2009-12-01,5.6619,1.6,387.63,0.95
2010-01-01,2.9664,-0.25,388.91,0.93
2010-02-01,5.1353,0.08,390.41,1.28
2010-03-01,7.4305,8.28,391.37,1.33
2010-04-01,2.1519,13.29,392.67,0.49
2010-05-01,2.4622,17.99,393.21,-0.12
2010-06-01,2.5621,23.15,392.38,-1.29
2010-07-01,3.0678,26.03,390.41,-2.43
2010-08-01,3.6052,24.02,388.54,-2.38
2010-09-01,2.4811,20.8101,387.03,-2.26
2010-10-01,5.4496,13.49,387.43,-2.16
2010-11-01,2.7217,7.53,388.87,-2.01
2010-12-01,4.0364,-0.26,389.99,-1.86
2011-01-01,3.1022,-2.4167,391.5,-1.77
2011-02-01,4.088,1.1874,392.05,-1.59
2011-03-01,5.56,5.2082,392.8,-1.75
2011-04-01,5.3684,11.925,393.44,-1.69
2011-05-01,4.6176,17.6627,394.41,-1.23
2011-06-01,4.2994,22.0892,393.95,-1.02
2011-07-01,2.9521,25.8726,392.72,-0.75
2011-08-01,9.8795,23.4181,390.33,-0.81
2011-09-01,8.1387,20.6414,389.28,-1.08
2011-10-01,3.8222,13.3879,389.19,-1.3
2011-11-01,3.5136,9.5963,390.48,-1.14
2011-12-01,4.3993,4.9332,392.06,-1.18
2012-01-01,3.325,1.9997,393.31,-1.07
2012-02-01,2.002,4.1065,394.04,-0.68
2012-03-01,1.2959,10.2002,394.59,-0.58
2012-04-01,2.6782,11.6243,396.38,-0.38
2012-05-01,4.0095,18.5326,396.93,-0.32
2012-06-01,3.0083,21.245,395.91,-0.28
2012-07-01,3.4167,25.6805,394.56,0.34
2012-08-01,3.3782,23.9939,392.59,-0.02
2012-09-01,4.4621,19.6262,391.32,-0.29
2012-10-01,3.3075,13.8776,391.27,-0.19
2012-11-01,1.409,5.6612,393.2,-0.03
2012-12-01,4.4422,4.67,394.57,-0.03
2013-01-01,3.1729,1.1562,395.78,-0.06
2013-02-01,3.3345,0.6425,397.03,-0.08
2013-03-01,2.3415,4.0579,397.66,-0.12
2013-04-01,1.8839,10.9154,398.64,-0.35
2013-05-01,4.4714,16.2747,400.02,-0.68
2013-06-01,7.3585,21.8704,398.81,-1.14
2013-07-01,3.5147,25.7449,397.51,-0.79
2013-08-01,4.231,22.3067,395.39,-0.45
2013-09-01,2.2224,18.4312,393.72,-0.33
2013-10-01,1.009,14.2052,393.9,-0.13
2013-11-01,3.1575,6.2323,395.36,-0.16
2013-12-01,3.8372,2.0837,397.03,-0.34
2014-01-01,3.0052,-3.0977,398.04,-0.5
2014-02-01,4.3699,-1.5315,398.27,-0.42
2014-03-01,3.2215,1.6781,399.91,-0.05
2014-04-01,4.4916,10.2619,401.51,-0.16
2014-05-01,2.918,16.7643,401.96,-0.17
2014-06-01,3.036,21.5239,401.43,0.0
2014-07-01,4.7118,23.5919,399.27,0.42
2014-08-01,2.4851,21.9542,397.18,0.23
2014-09-01,1.0043,19.6217,395.54,-0.09
2014-10-01,3.2467,14.2287,396.16,0.12
2014-11-01,3.6832,5.8964,397.4,0.37
2014-12-01,4.2696,3.9734,399.08,0.35
2015-01-01,3.9729,-2.5447,400.18,0.23
2015-02-01,2.5051,-5.8384,400.55,0.06
2015-03-01,3.0169,2.0752,401.74,0.15
2015-04-01,2.1114,10.6738,403.35,0.31
2015-05-01,1.8474,19.0965,404.15,0.95
2015-06-01,5.0862,21.2608,402.97,1.9
2015-07-01,2.5617,24.2553,401.46,1.79
2015-08-01,2.2339,23.9859,399.11,1.95
2015-09-01,3.7482,22.0132,397.82,2.24
2015-10-01,2.0803,12.8171,398.49,2.15
2015-11-01,2.0944,10.2275,400.27,1.94
2015-12-01,3.8861,8.8831,402.06,1.93
2016-01-01,2.6717,0.9371,402.73,1.94
2016-02-01,4.9125,2.5385,404.25,1.81
2016-03-01,1.5958,8.6134,405.06,1.32
2016-04-01,2.1283,10.3222,407.6,1.33
2016-05-01,3.1312,16.0694,407.9,1.24
2016-06-01,1.7342,21.5574,406.99,0.36
2016-07-01,4.322,25.4303,404.59,-0.53
2016-08-01,2.2244,25.3382,402.45,-0.27
2016-09-01,1.7611,21.4302,401.23,-0.29
2016-10-01,2.1912,14.1363,401.79,-0.54
2016-11-01,4.0241,8.7439,403.72,-0.48
2016-12-01,2.9723,2.8296,404.64,-0.37
2017-01-01,3.8606,2.8584,406.36,-0.43
2017-02-01,2.7352,4.9056,406.66,-0.42
2017-03-01,3.8083,3.6762,407.54,-0.58
2017-04-01,2.8289,13.5853,409.22,-0.19
2017-05-01,4.6221,15.6962,409.89,0.19
2017-06-01,3.0492,21.7458,409.08,-0.24
2017-07-01,3.8486,24.4543,407.33,-0.63
2017-08-01,3.133,22.4745,405.32,-0.73
2017-09-01,2.0372,20.5891,403.57,-0.74
2017-10-01,4.5795,16.2169,403.82,-0.59
2017-11-01,1.7648,7.1429,405.31,-0.62
2017-12-01,1.9186,0.7999,407.0,-0.74
2018-01-01,3.2409,-1.2952,408.15,-0.79
2018-02-01,5.9211,4.2333,408.52,-0.71
2018-03-01,3.0055,3.9648,409.59,-0.8
2018-04-01,3.7262,8.537,410.45,-1.32
2018-05-01,3.2062,18.7073,411.44,-0.94
2018-06-01,2.8027,21.2946,410.99,-0.52
2018-07-01,5.0426,24.9832,408.9,-0.05
2018-08-01,5.2981,25.2521,407.16,0.46
2018-09-01,5.8793,21.3905,405.71,0.62
2018-10-01,3.6917,13.5308,406.19,0.52
2018-11-01,7.0773,5.7658,408.21,0.33
2018-12-01,5.2535,3.4296,409.27,0.18
2019-01-01,4.702,-0.4742,411.03,0.09
2019-02-01,3.5535,1.7137,411.96,0.5
2019-03-01,2.5703,4.2698,412.18,0.76
2019-04-01,5.1331,12.3599,413.54,0.3
2019-05-01,5.0926,16.9492,414.86,0.23
2019-06-01,3.6684,21.3271,414.15,0.35
2019-07-01,4.1365,25.8595,411.96,0.3
2019-08-01,3.0357,23.701,410.17,0.32
2019-09-01,1.3159,20.384,408.76,0.16
2019-10-01,5.7633,14.3504,408.74,0.31
2019-11-01,2.5909,5.3199,410.47,0.47
2019-12-01,5.1807,2.4776,411.97,0.36
2020-01-01,2.5012,2.9456,413.59,0.25
2020-02-01,3.6457,3.631,414.32,0.26
2020-03-01,3.7467,7.9595,414.72,0.13
2020-04-01,4.283,9.2258,416.42,-0.15
2020-05-01,2.1228,15.2205,417.28,-0.23
2020-06-01,2.6433,22.126,416.58,-0.68
2020-07-01,5.3634,26.4506,414.58,-0.94
2020-08-01,4.8867,24.5348,412.75,-0.96
2020-09-01,3.6031,19.4995,411.5,-1.15
2020-10-01,4.4109,13.8794,411.49,-1.17
2020-11-01,4.1404,9.7392,413.1,-1.13
2020-12-01,4.5846,3.0358,414.23,-1.14
2021-01-01,2.3847,1.0408,415.49,-1.2
2021-02-01,4.455,0.0327,416.72,-0.96
2021-03-01,2.9348,6.7057,417.61,-0.79
2021-04-01,2.8202,11.5537,419.01,-0.95
2021-05-01,4.4293,16.2943,419.09,-1.07
2021-06-01,3.1649,22.6742,418.93,-1.05
2021-07-01,7.9714,24.4729,416.9,-1.44
2021-08-01,5.666,24.9828,414.42,-1.29
2021-09-01,7.7442,20.6618,413.26,-1.38
2021-10-01,5.214,16.4321,413.9,-1.46
2021-11-01,1.8775,6.8982,414.97,-1.39
2021-12-01,2.5011,5.6729,416.67,-1.2
2022-01-01,3.1022,-2.0103,418.13,-1.01
2022-02-01,4.0745,1.675,419.24,-0.98
2022-03-01,3.0808,6.5539,418.76,-1.31
2022-04-01,4.3007,10.6744,420.19,-1.61
2022-05-01,3.6049,17.7253,420.97,-1.63
2022-06-01,3.0899,21.4775,420.94,-1.9
2022-07-01,2.5864,25.7322,418.85,-2.17
2022-08-01,2.9648,25.5288,417.15,-1.75
2022-09-01,4.5464,20.0399,415.91,-1.73
2022-10-01,5.0562,12.6476,415.74,-1.73
2022-11-01,3.4159,9.117,417.47,-1.53
2022-12-01,4.7,2.4083,418.99,-1.28
2023-01-01,4.8921,5.2233,419.47,-1.11
2023-02-01,2.1164,4.009,420.31,-0.91
2023-03-01,3.391,5.8289,420.99,-0.76
2023-04-01,5.6068,13.2243,423.31,-0.37
2023-05-01,1.7865,15.5364,424.0,-0.06
2023-06-01,3.6431,20.465,423.68,0.43
2023-07-01,7.6167,25.482,421.83,0.5
2023-08-01,4.7775,23.1296,419.68,0.51
2023-09-01,8.82,20.4104,418.51,0.68
2023-10-01,3.1093,15.0603,418.82,0.48
2023-11-01,2.563,6.66,420.46,0.91
2023-12-01,7.3744,5.7429,421.86,1.13
2024-01-01,6.1859,1.7993,422.8,0.7
2024-02-01,2.1393,4.0759,424.55,0.68
2024-03-01,7.292,7.9405,425.38,0.78
2024-04-01,3.8746,11.7177,426.51,0.34
2024-05-01,3.5474,18.112,426.9,0.12
2024-06-01,3.2543,23.3656,426.91,-0.23
2024-07-01,3.7872,25.9359,425.55,-0.72
2024-08-01,5.8421,23.572,422.99,-0.73
2024-09-01,1.7199,19.9342,422.03,-0.65
2024-10-01,0.9576,14.473,422.38,-0.52
2024-11-01,3.1938,9.7142,423.85,-0.68
2024-12-01,4.8794,2.0386,425.4,-0.91
